Country,Country_code,New_cases,New_deaths,deaths_by_cases,population,gdp_per_capita
United States of America,US,102873924,1118800,0.010875447892898496,331893745.0,70248.62900022416
China,CN,99239252,120905,0.0012183183323469628,1412360000.0,12556.333120005806
India,IN,44768172,531000,0.011861105251293262,1407563842.0,2256.590408705057
France,FR,38791479,162176,0.004180711954808426,67749632.0,43658.97897812227
Germany,DE,38368891,171411,0.0044674473390434975,83196078.0,51203.55447310437
Brazil,BR,37319254,700556,0.0187719722371728,214326223.0,7507.160970802346
Japan,JP,33523927,74096,0.0022102422547334625,125681593.0,39312.660373069346
Republic of Korea,KR,30918060,34332,0.0011104189590161867,51744876.0,34997.78164278488
Italy,IT,25715384,189262,0.007359874540469627,59109668.0,35657.497563169025
The United Kingdom,GB,24330379,212083,0.008716798040836108,67326569.0,46510.282781912596
Russian Federation,RU,22727542,397642,0.017496040706909705,143449286.0,12400.080024056306
Türkiye,TR,17004677,101419,0.0059641826775069,84775404.0,9661.235975113548
Spain,ES,13798747,120426,0.008727314153959052,47415750.0,30103.513733190975
Viet Nam,VN,11527745,43186,0.0037462660737204024,97468029.0,3756.4891211732515
Australia,AU,11153745,19906,0.001784692047379602,25688079.0,60443.10916499673
Argentina,AR,10044957,130472,0.012988806223859395,45808747.0,10636.120195618318
Netherlands,NL,8610372,22992,0.0026702679048013255,17533044.0,57767.87881081745
Iran (Islamic Republic of),IR,7597982,145571,0.01915916621018581,87923432.0,4091.209186705348
Mexico,MX,7553646,333596,0.044163573458433185,126705138.0,10045.680500496357
Indonesia,ID,6752606,161071,0.023853161283214214,273753191.0,4332.7092808939715
Poland,PL,6504340,119423,0.018360510059437236,37747124.0,17999.909949544635
Colombia,CO,6363058,142690,0.0224247523753516,51516562.0,6104.136709303893
Austria,AT,6046956,22183,0.003668457319682829,8955797.0,53637.705710989656
Greece,GR,5972760,36629,0.006132675680924731,10641221.0,20192.596303906103
Portugal,PT,5577825,26480,0.004747370166686836,10325147.0,24567.509265099954
Ukraine,UA,5484936,111789,0.02038109469280954,43792855.0,4568.908278401899
Chile,CL,5272767,64497,0.012232097492644754,19493184.0,16265.095976714732
Malaysia,MY,5052337,36982,0.007319780925144146,33573874.0,11109.26183877449
Israel,IL,4817255,12416,0.002577401445428984,9364000.0,52170.71186233351
Belgium,BE,4782863,34115,0.007132757095488622,11592952.0,51247.014353162594
Thailand,TH,4728967,33940,0.007177043104762626,71601103.0,7066.190545953238
Czechia,CZ,4636282,42702,0.00921039746935152,10505772.0,26821.245227999523
Canada,CA,4634277,52121,0.011246846056029883,38246108.0,51987.93905297292
Peru,PE,4492891,219866,0.04893641977960293,33715471.0,6621.574336018826
Switzerland,CH,4399085,13981,0.003178160913008046,8703405.0,91991.60045835625
Philippines,PH,4083678,66420,0.016264749571342305,113880328.0,3460.530963444082
South Africa,ZA,4072533,102595,0.025191938285091857,59392255.0,7055.044775987829
Denmark,DK,3409630,8420,0.0024694761601698717,5856733.0,68007.7566732955
Romania,RO,3380891,67961,0.020101505786492377,19119880.0,14858.229429044428
Sweden,SE,2702703,23897,0.008841889027392207,10415811.0,61028.73806002864
Serbia,RS,2524670,17996,0.007128060300950223,6834326.0,9230.178316026013
Iraq,IQ,2465545,25375,0.010291842168769988,43533592.0,4775.3774539013
Singapore,SG,2298689,1722,0.0007491226520856018,5453566.0,72794.00302267379
New Zealand,NZ,2217047,2687,0.0012119725021616592,5122600.0,48781.02663288838
Hungary,HU,2199764,48719,0.02214737580940501,9709891.0,18728.12189486885
Bangladesh,BD,2038091,29446,0.014447833781710434,169356251.0,2457.9248798636077
Slovakia,SK,1865828,21123,0.011320979211374253,5447247.0,21391.925333604297
Georgia,GE,1836791,17032,0.009272693518206481,3708610.0,5023.274379619777
Jordan,JO,1746997,14122,0.00808358571880776,11148278.0,4103.258965995834
Ireland,IE,1708435,8782,0.005140377011709547,5033165.0,100172.07925342047
Pakistan,PK,1580021,30652,0.019399742155325785,231402117.0,1505.0101927942949
Kazakhstan,KZ,1501450,19072,0.012702387691897831,19000988.0,10373.789792436688
Norway,NO,1481760,5311,0.003584251160781773,5408320.0,89154.27609349224
Finland,FI,1468123,9097,0.006196347308774538,5541017.0,53654.750296425904
Slovenia,SI,1342156,9230,0.006876994924584027,2108079.0,29291.40062344305
Lithuania,LT,1316086,9647,0.007330068095853918,2800839.0,23723.34025103446
Bulgaria,BG,1301475,38282,0.02941431836954225,6877743.0,12221.496606417091
Morocco,MA,1272733,16296,0.01280394238225928,37076584.0,3853.2764830336046
Croatia,HR,1271276,18091,0.014230584074583332,3899000.0,17685.325283455295
Guatemala,GT,1244812,20187,0.016216906649357495,17109746.0,5025.542290777893
Lebanon,LB,1235177,10874,0.008803596569560476,5592631.0,4136.146346993321
Costa Rica,CR,1226315,9326,0.007604897599719485,5153957.0,12472.443729495415
Bolivia (Plurinational State of),BO,1195880,22374,0.01870923504030505,12079472.0,3345.196588738307
Tunisia,TN,1152033,29363,0.025487985153203076,12262946.0,3807.1391502725364
Cuba,CU,1112853,8530,0.007664983605202125,11256372.0,
Puerto Rico,PR,1110017,5867,0.005285504636415478,3263584.0,32640.71033563101
Ecuador,EC,1059529,36017,0.03399340650421084,17797737.0,5965.132870544159
United Arab Emirates,AE,1058979,2349,0.0022181742980738996,9365145.0,44315.55418341157
Uruguay,UY,1036159,7621,0.007355048790774389,3426260.0,17313.188348418596
Panama,PA,1033781,8612,0.008330584524188393,4351267.0,14617.604481637187
Mongolia,MN,1007943,2136,0.002119167452921445,3347782.0,4566.140154330151
Nepal,NP,1001951,12021,0.011997592696648839,30034989.0,1208.2185338376717
Belarus,BY,994037,7118,0.007160699249625517,9340314.0,7302.2577941877435
Latvia,LV,977172,6319,0.006466620001391771,1884490.0,21148.162940541526
Saudi Arabia,SA,836442,9635,0.011519029412678943,35950396.0,23185.870791779733
Azerbaijan,AZ,830367,10197,0.012280112287699294,10137750.0,5387.9979749538315
Paraguay,PY,735759,19880,0.02701971705408972,6703799.0,5891.499965046416
"occupied Palestinian territory, including east Jerusalem",PS,703228,5708,0.008116855415313384,4922749.0,3663.9690546887523
Bahrain,BH,696614,1536,0.0022049513790994724,1463265.0,26562.96913540261
Sri Lanka,LK,672092,16835,0.02504865405331413,22156000.0,4013.687656836036
Kuwait,KW,665527,2570,0.003861601407606303,4250114.0,
Dominican Republic,DO,660937,4384,0.0066330073819441185,11117873.0,8476.752157309784
Cyprus,CY,655664,1349,0.0020574562580834084,1244188.0,22832.455813754434
Myanmar,MM,634105,19490,0.030736234535289897,53798084.0,1209.926942254819
Republic of Moldova,MD,618741,12086,0.01953321341239711,2615199.0,5230.661732894973
Estonia,EE,617247,2979,0.004826268900456381,1330932.0,27943.70121988201
Venezuela (Bolivarian Republic of),VE,552398,5854,0.01059743156202593,28199867.0,
Egypt,EG,515913,24823,0.048114701509750675,109262178.0,3698.8349810586146
Libya,LY,507229,6437,0.012690520455257882,6735277.0,6357.195550438044
Qatar,QA,502436,688,0.0013693286309102055,2688235.0,66838.35743301385
Ethiopia,ET,500731,7573,0.015123888874465531,120283026.0,925.0774280485346
Honduras,HN,472467,11111,0.023516986371534942,10278345.0,2771.717460509459
Armenia,AM,448707,8743,0.019484875430960516,2790974.0,4966.513471223666
Bosnia and Herzegovina,BA,402636,16328,0.04055275732920057,3270943.0,7143.310548432089
Oman,OM,399449,4628,0.011585959659430866,4520471.0,19509.46646338667
North Macedonia,MK,347672,9667,0.02780494258956718,2065092.0,6694.6411258171065
Zambia,ZM,343415,4057,0.011813694800751277,19473125.0,1137.3436326916403
Kenya,KE,342992,5688,0.01658347716564818,53005614.0,2081.7998545843843
Albania,AL,333897,3604,0.010793747772516675,2811666.0,6492.872012246334
Botswana,BW,329837,2795,0.00847388255411006,2588423.0,6805.221273988988
Luxembourg,LU,319959,1232,0.003850493344459759,640064.0,133590.1469755862
Mauritius,MU,298099,1044,0.00350219222473071,1266060.0,9106.237202307
Montenegro,ME,289292,2808,0.009706455760961243,619211.0,9465.703998795563
Brunei Darussalam,BN,284632,153,0.0005375361870766463,445373.0,31449.07656207269
Algeria,DZ,271613,6881,0.025333838954689207,44177969.0,3690.6278779759887
Nigeria,NG,266675,3155,0.011830880284991093,213401323.0,2065.7490675092254
Zimbabwe,ZW,264584,5684,0.021482780515828623,15993524.0,1773.920410880779
Uzbekistan,UZ,252265,1637,0.0064892077775355285,34915100.0,1983.0647228899186
Mozambique,MZ,233334,2242,0.009608543975588642,32077072.0,491.8391127736752
Lao People's Democratic Republic,LA,218037,671,0.0030774593302971514,7425057.0,2535.623431521105
Afghanistan,AF,211630,7884,0.03725369749090394,40099462.0,368.75461417545955
Iceland,IS,209191,260,0.0012428832980386345,372520.0,68727.636664709
Kyrgyzstan,KG,206849,2991,0.014459823349399804,6691800.0,1276.7003650159002
El Salvador,SV,201785,4230,0.020962906063384294,6314167.0,4551.184661412978
Trinidad and Tobago,TT,191007,4372,0.022889213484322563,1525663.0,16032.502768099246
Maldives,MV,185894,311,0.0016729964388307315,521457.0,10366.29335840658
Ghana,GH,171527,1462,0.008523439458510905,32833031.0,2363.299296214215
Uganda,UG,170515,3632,0.021300178869894146,45853778.0,883.8920323112786
Jamaica,JM,154602,3529,0.022826354122197644,2827695.0,5183.581304586774
Cambodia,KH,138726,3056,0.022029035653013854,16589023.0,1625.2350195545391
Rwanda,RW,133194,1468,0.011021517485772632,13461888.0,822.3479885942002
Cameroon,CM,124834,1970,0.015780957111043464,27198628.0,1666.9327344312183
Malta,MT,118214,833,0.0070465427106772465,518536.0,33486.67198385493
Barbados,BB,107332,582,0.00542242760779637,281200.0,17225.462304409673
Angola,AO,105353,1934,0.018357332017123387,34503774.0,1953.5337572150775
Democratic Republic of the Congo,CD,95944,1464,0.015258901025598265,95894118.0,577.209215199828
Senegal,SN,88978,1971,0.022151543078064242,16876720.0,1636.893208642959
Malawi,MW,88620,2686,0.030309185285488604,19889742.0,634.8356601052996
Côte d’Ivoire,CI,88308,834,0.009444217964397336,27478249.0,2549.041297247339
Suriname,SR,82495,1404,0.017019213285653676,612985.0,4869.13422621242
New Caledonia,NC,80052,314,0.003922450407235297,271030.0,37159.546766216656
French Polynesia,PF,78219,649,0.008297216788759764,304032.0,19914.60351336448
Eswatini,SZ,74520,1425,0.019122383252818037,1192271.0,3978.403528175901
Guyana,GY,73119,1298,0.017751883915261422,804567.0,9998.544311361553
Belize,BZ,70782,688,0.009719985306998954,400031.0,6228.26730928353
Fiji,FJ,68914,883,0.012813071364309139,924610.0,4646.61272321449
Madagascar,MG,68105,1424,0.020908890683503413,28915653.0,500.5110319506566
Sudan,SD,63922,5034,0.07875222927943432,45657202.0,751.8213349438671
Mauritania,MR,63562,997,0.015685472452094017,4614974.0,2166.0467985821415
Cabo Verde,CV,63281,413,0.0065264455365749595,587925.0,3293.2330543061275
Bhutan,BT,62650,21,0.000335195530726257,777486.0,3266.3649051918233
Syrian Arab Republic,SY,57423,3163,0.055082458248437036,21324367.0,
Burundi,BI,53719,15,0.0002792308121893557,12551213.0,221.47767622336343
Guam,GU,51017,415,0.008134543387498284,170534.0,35904.863546272296
Seychelles,SC,50937,172,0.003376720262284783,99258.0,14653.309394303835
Gabon,GA,48981,306,0.006247320389538801,2341179.0,8635.325694434385
Andorra,AD,47939,159,0.0033167149919689607,79034.0,42137.32727103715
Papua New Guinea,PG,46837,670,0.014304929863142387,9949437.0,2672.945790355173
Aruba,AW,44114,287,0.006505871152015234,106537.0,29342.10085758863
United Republic of Tanzania,TZ,42973,846,0.019686780071207503,63588334.0,1066.878858524356
Togo,TG,39469,290,0.0073475385745775165,8644829.0,973.2061290761333
Guinea,GN,38280,467,0.012199582027168233,13531906.0,1189.1759994663132
Isle of Man,IM,38008,116,0.003051989054935803,84263.0,
Bahamas,BS,37491,833,0.022218665813128483,407906.0,27478.389628983146
Faroe Islands,FO,34658,28,0.0008078942812626233,52889.0,69010.30980111516
Lesotho,LS,34490,706,0.02046970136271383,2281454.0,1094.0981848930287
Haiti,HT,34202,860,0.0251447283784574,11447569.0,1829.593044172112
Mali,ML,33133,743,0.022424772885039086,21904983.0,873.7948623755016
Cayman Islands,KY,31472,37,0.001175648195221149,68136.0,86568.76963686025
Saint Lucia,LC,30028,409,0.013620620753962968,179651.0,9414.226230859833
Benin,BJ,28014,163,0.005818519311772685,12996895.0,1319.1549945173983
Somalia,SO,27334,1361,0.04979146850076827,17065581.0,446.9815596352588
Congo,CG,25185,389,0.015445701806630931,5835806.0,2290.3828913324396
United States Virgin Islands,VI,24886,130,0.005223820622036486,105870.0,
Solomon Islands,SB,24575,153,0.0062258392675483215,707851.0,2304.844567463548
San Marino,SM,23873,123,0.005152264064005362,33745.0,
Timor-Leste,TL,23423,138,0.005891644964351279,1320942.0,2741.3939311183153
Burkina Faso,BF,22056,396,0.017954298150163223,22100683.0,893.0771557768645
Liechtenstein,LI,21460,87,0.004054054054054054,39039.0,
Gibraltar,GI,20550,113,0.005498783454987835,32669.0,
Grenada,GD,19683,238,0.012091652695219226,124610.0,9010.572244662626
Bermuda,BM,18860,165,0.008748674443266172,63867.0,114090.3283385786
South Sudan,SS,18368,138,0.007513066202090592,10748272.0,
Tajikistan,TJ,17786,125,0.0070279995502080285,9750064.0,897.0475102934115
Equatorial Guinea,GQ,17130,183,0.010683012259194396,1634466.0,7506.667523060865
Tonga,TO,16814,12,0.0007136909718092066,106017.0,4426.000637062811
Samoa,WS,16675,31,0.001859070464767616,218764.0,3857.318464018038
Monaco,MC,16178,67,0.004141426628755099,36686.0,234315.46050354684
Marshall Islands,MH,16013,17,0.0010616374195965778,42050.0,6172.145065398336
Dominica,DM,15760,74,0.004695431472081219,72412.0,7653.171870428671
Djibouti,DJ,15690,189,0.012045889101338431,1105557.0,3150.4367292633488
Nicaragua,NI,15682,245,0.015623007269480934,6850540.0,2045.535401890143
Central African Republic,CF,15367,113,0.007353419665517017,5457154.0,461.137490166508
Northern Mariana Islands (Commonwealth of the),MP,13773,41,0.002976838742467146,49481.0,
Gambia,GM,12622,372,0.02947234986531453,2639916.0,772.1523951432356
Vanuatu,VU,12014,14,0.001165307141668054,319137.0,2996.621061544835
Greenland,GL,11971,21,0.001754239411912121,56653.0,
Yemen,YE,11945,2159,0.18074508162411052,32981641.0,
Eritrea,ER,10189,103,0.010108941014819904,3620312.0,
Saint Vincent and the Grenadines,VC,9601,124,0.01291532132069576,104332.0,8666.387041048843
Niger,NE,9513,315,0.033112582781456956,25252722.0,590.6294547958988
Guinea-Bissau,GW,9350,176,0.018823529411764704,2060721.0,795.118569260487
Antigua and Barbuda,AG,9106,146,0.01603338458159455,93219.0,15781.39570179824
Comoros,KM,9093,160,0.01759595293082591,821625.0,1577.471027050528
American Samoa,AS,8326,34,0.004083593562334855,45035.0,15743.310758299102
Liberia,LR,8090,294,0.03634116192830655,5193416.0,675.6631858491597
Sierra Leone,SL,7762,125,0.016104096882246843,8420641.0,480.0392113010661
Chad,TD,7696,194,0.02520790020790021,17179740.0,685.6902841244571
British Virgin Islands,VG,7305,64,0.008761122518822724,31122.0,
Saint Kitts and Nevis,KN,6598,46,0.006971809639284632,47606.0,18082.610190747826
Turks and Caicos Islands,TC,6565,38,0.005788271134805788,45114.0,20908.58270160039
Sao Tome and Principe,ST,6542,80,0.012228676245796393,223107.0,2360.5435538589736
Palau,PW,5997,9,0.0015007503751875938,18024.0,12083.888149134487
Nauru,NR,5393,1,0.00018542555164101615,12511.0,10648.141390185197
Kiribati,KI,5014,18,0.0035899481451934583,128874.0,1606.4625137731427
Tuvalu,TV,2779,0,0.0,11204.0,5632.0029934364065
Turkmenistan,TM,0,0,,6341855.0,
Democratic People's Republic of Korea,KP,0,0,,25971909.0,
